Total Bill,Tip,Size,Sex,Smoker,Day,Time,Guests
16.99,1.01,1,Female,No,Sun,Dinner,2
10.34,1.66,1,Male,No,Sun,Dinner,3
21.01,3.5,1,Male,No,Sun,Dinner,3
23.68,3.31,1,Male,No,Sun,Dinner,2
24.59,3.61,1,Female,No,Sun,Dinner,4
25.29,4.71,1,Male,No,Sun,Dinner,4
8.77,2.0,1,Male,No,Sun,Dinner,2
26.88,3.12,1,Male,No,Sun,Dinner,4
15.04,1.96,1,Male,No,Sun,Dinner,2
14.78,3.23,1,Male,No,Sun,Dinner,2
10.27,1.71,1,Male,No,Sun,Dinner,2
35.26,5.0,1,Female,No,Sun,Dinner,4
15.42,1.57,1,Male,No,Sun,Dinner,2
18.43,3.0,1,Male,No,Sun,Dinner,4
14.83,3.02,1,Male,No,Sun,Dinner,2
21.58,3.92,1,Male,No,Sun,Dinner,2
10.33,1.67,2,Female,No,Thur,Lunch,2
20.31,4.37,1,Male,Yes,Fri,Dinner,2
18.22,2.02,3,Female,Yes,Fri,Dinner,4
47.07,9.52,3,Male,No,Thur,Lunch,3
28.86,9.94,2,Female,No,Tue,Lunch,3
45.14,4.32,4,Female,Yes,Sat,Dinner,4
35.7,3.07,1,Female,Yes,Mon,Lunch,3
38.03,6.89,2,Female,Yes,Fri,Lunch,2
5.64,7.93,2,Male,No,Tue,Dinner,3
37.69,3.46,3,Male,No,Sat,Dinner,3
20.62,6.97,1,Male,Yes,Sat,Dinner,5
10.29,9.84,2,Male,No,Sat,Lunch,4
17.83,8.22,1,Female,No,Mon,Lunch,5
46.92,4.02,4,Female,No,Sun,Dinner,2
20.84,5.1,2,Female,Yes,Sat,Lunch,1
12.19,1.79,1,Male,Yes,Wed,Dinner,4
24.95,1.87,2,Male,Yes,Sun,Dinner,4
12.77,5.52,4,Female,No,Sat,Dinner,3
15.82,9.1,1,Male,Yes,Mon,Lunch,5
29.89,6.45,1,Female,Yes,Thur,Lunch,5
27.6,5.2,3,Female,No,Sat,Lunch,4
16.14,5.6,2,Male,No,Sat,Lunch,3
49.87,2.67,3,Male,Yes,Wed,Dinner,3
28.12,6.24,2,Male,Yes,Tue,Lunch,1
27.43,3.11,2,Male,Yes,Mon,Lunch,5
17.08,8.76,1,Female,Yes,Mon,Dinner,1
27.72,4.22,3,Male,Yes,Wed,Dinner,5
28.83,7.22,2,Male,Yes,Mon,Dinner,1
23.88,7.59,3,Male,Yes,Sun,Lunch,5
26.26,8.48,1,Male,Yes,Wed,Dinner,1
7.7,1.63,2,Male,Yes,Sun,Dinner,2
36.06,4.43,4,Female,Yes,Sat,Dinner,4
16.29,3.56,1,Male,No,Sat,Lunch,4
8.65,4.37,2,Female,Yes,Wed,Lunch,5
8.48,2.91,1,Female,Yes,Mon,Lunch,1
48.78,1.56,3,Male,No,Sun,Lunch,5
46.05,4.41,3,Female,Yes,Tue,Dinner,1
6.1,4.42,3,Female,Yes,Sat,Dinner,2
43.95,2.13,1,Male,Yes,Wed,Lunch,2
6.87,8.13,4,Male,No,Wed,Dinner,5
24.43,5.05,3,Female,Yes,Mon,Lunch,1
20.57,1.98,2,Male,Yes,Fri,Dinner,1
19.23,7.76,3,Female,Yes,Sat,Lunch,1
22.86,8.19,2,Female,No,Mon,Lunch,2
37.51,1.46,4,Male,Yes,Sat,Lunch,1
26.17,2.28,2,Male,Yes,Thur,Dinner,2
13.9,3.53,2,Female,No,Sat,Dinner,3
42.18,4.99,4,Female,No,Thur,Dinner,4
24.56,7.91,1,Male,Yes,Thur,Lunch,2
48.87,7.18,2,Female,No,Wed,Dinner,3
41.36,8.2,2,Female,Yes,Sat,Lunch,5
14.6,2.66,4,Male,No,Tue,Lunch,2
49.09,4.45,4,Female,No,Sun,Lunch,4
5.25,5.79,1,Male,Yes,Tue,Lunch,2
5.36,5.1,1,Male,Yes,Sun,Dinner,1
45.27,6.04,4,Male,Yes,Mon,Lunch,3
42.84,1.16,4,Male,No,Mon,Lunch,1
42.96,7.97,1,Male,Yes,Sat,Dinner,3
36.65,2.0,4,Female,No,Wed,Dinner,3
25.69,6.93,4,Male,No,Tue,Dinner,2
6.51,9.5,4,Female,Yes,Sat,Lunch,4
27.82,5.0,1,Male,No,Tue,Lunch,5
5.34,1.92,2,Female,Yes,Sat,Dinner,5
21.1,9.7,1,Female,Yes,Sun,Lunch,5
23.74,1.95,3,Female,No,Thur,Dinner,3
36.09,7.13,1,Female,No,Tue,Dinner,2
22.69,2.75,2,Male,No,Tue,Lunch,3
19.76,8.57,4,Female,No,Sat,Dinner,4
18.42,4.07,1,Female,No,Thur,Dinner,4
47.03,5.38,1,Female,No,Tue,Lunch,1
11.15,5.81,2,Female,No,Fri,Dinner,4
48.43,5.79,2,Male,Yes,Sun,Dinner,1
31.33,6.63,4,Female,No,Mon,Dinner,1
49.61,5.52,2,Male,Yes,Sun,Dinner,1
34.39,9.11,1,Female,Yes,Sat,Dinner,5
25.26,8.08,2,Female,Yes,Wed,Dinner,3
35.59,5.76,3,Female,Yes,Thur,Lunch,2
10.13,9.65,4,Female,Yes,Sat,Dinner,5
19.65,3.4,4,Female,Yes,Fri,Dinner,1
10.1,8.79,4,Male,No,Thur,Lunch,5
17.28,2.45,2,Female,Yes,Sat,Lunch,4
46.42,6.07,2,Female,Yes,Tue,Lunch,3
18.79,4.28,1,Male,No,Mon,Lunch,5
41.6,9.63,3,Female,No,Thur,Lunch,5
28.41,8.73,2,Male,No,Sat,Lunch,1
36.44,2.84,3,Male,Yes,Thur,Dinner,5
37.7,6.82,3,Female,No,Mon,Lunch,3
17.7,7.84,2,Female,No,Tue,Dinner,4
23.94,4.04,2,Female,No,Wed,Lunch,5
6.27,5.53,2,Male,No,Sat,Dinner,2
14.01,3.93,3,Female,Yes,Thur,Dinner,2
37.32,7.31,2,Female,No,Mon,Lunch,1
19.21,9.2,3,Female,No,Tue,Dinner,1
35.18,5.91,4,Male,Yes,Sat,Dinner,3
49.05,6.88,1,Female,No,Sun,Lunch,4
47.9,4.67,2,Female,Yes,Tue,Lunch,5
28.76,2.06,4,Male,No,Mon,Dinner,4
41.51,9.26,4,Male,No,Wed,Dinner,5
48.87,8.67,4,Male,No,Tue,Lunch,2
25.52,2.87,1,Male,No,Thur,Lunch,1
31.95,7.75,4,Male,Yes,Sat,Dinner,1
11.21,4.37,4,Male,Yes,Sat,Dinner,2
44.7,7.11,4,Male,No,Mon,Dinner,1
13.44,9.38,3,Male,No,Sat,Dinner,2
40.86,7.29,1,Male,Yes,Fri,Dinner,1
41.12,1.58,2,Male,No,Wed,Dinner,4
16.39,5.36,3,Male,Yes,Sat,Dinner,1
36.64,4.63,4,Male,No,Sat,Dinner,4
14.81,9.97,4,Male,Yes,Sat,Dinner,4
17.0,3.08,3,Male,Yes,Thur,Dinner,4
20.13,1.84,2,Male,Yes,Sat,Dinner,2
25.48,4.79,1,Male,No,Thur,Dinner,5
44.99,9.0,1,Male,Yes,Mon,Lunch,4
30.77,5.67,1,Female,No,Sun,Lunch,4
49.08,8.58,2,Male,Yes,Sun,Lunch,2
8.21,1.92,3,Male,No,Wed,Dinner,2
19.84,6.37,2,Female,No,Wed,Lunch,5
32.16,1.31,2,Male,No,Sat,Dinner,3
37.89,1.45,2,Female,No,Wed,Lunch,2
24.3,4.08,4,Female,No,Mon,Dinner,2
5.79,2.22,3,Female,Yes,Fri,Dinner,2
48.52,2.23,2,Female,No,Tue,Dinner,3
43.55,3.55,3,Male,No,Thur,Lunch,1
12.2,9.24,3,Male,Yes,Tue,Lunch,3
35.74,8.08,3,Female,No,Fri,Lunch,1
43.26,3.66,1,Female,Yes,Sun,Dinner,4
19.55,6.98,4,Female,No,Tue,Dinner,3
13.69,8.32,2,Female,No,Thur,Dinner,3
21.33,6.84,3,Male,Yes,Sun,Lunch,1
32.32,8.77,2,Male,Yes,Tue,Lunch,1
37.32,7.33,2,Male,No,Mon,Dinner,3
36.4,6.82,1,Female,Yes,Sun,Lunch,5
23.82,9.65,3,Male,No,Tue,Dinner,3
5.96,1.97,1,Female,No,Sun,Lunch,2
49.72,3.42,4,Male,No,Mon,Lunch,1
48.77,6.25,4,Female,Yes,Tue,Dinner,3
10.63,1.28,2,Female,No,Wed,Lunch,2
28.01,6.19,2,Male,No,Sat,Lunch,5
34.48,9.72,1,Female,Yes,Sat,Lunch,1
47.12,9.65,1,Male,No,Wed,Lunch,5
33.19,1.24,3,Female,Yes,Tue,Lunch,1
27.52,2.6,1,Female,No,Wed,Lunch,2
41.81,6.83,4,Male,No,Sat,Dinner,2
15.57,5.96,4,Female,Yes,Mon,Dinner,5
31.56,9.06,3,Male,Yes,Sun,Dinner,2
24.23,1.96,1,Female,Yes,Tue,Lunch,4
18.98,8.57,1,Male,No,Sat,Dinner,5
9.01,8.87,4,Male,No,Sun,Dinner,4
11.96,3.32,3,Male,Yes,Mon,Dinner,2
44.9,6.66,2,Female,Yes,Tue,Dinner,3
5.33,1.67,1,Female,No,Sat,Lunch,5
32.75,3.65,1,Female,Yes,Thur,Lunch,1
19.24,2.8,2,Male,No,Fri,Lunch,5
49.52,7.41,3,Female,No,Wed,Dinner,1
5.99,6.41,3,Male,No,Mon,Lunch,5
31.74,1.82,2,Male,No,Tue,Lunch,3
18.92,7.6,3,Female,Yes,Tue,Lunch,2
12.55,7.14,3,Female,Yes,Fri,Lunch,2
10.3,4.74,3,Female,No,Mon,Lunch,4
40.2,9.83,3,Male,No,Sat,Lunch,5
32.69,6.5,1,Male,Yes,Fri,Dinner,5
10.26,4.21,1,Female,Yes,Sat,Dinner,4
34.81,8.38,4,Male,Yes,Tue,Dinner,4
28.06,4.39,1,Male,No,Fri,Lunch,5
6.49,8.23,1,Female,Yes,Mon,Dinner,1
15.44,3.71,1,Female,Yes,Sun,Dinner,1
7.94,5.11,4,Male,Yes,Tue,Lunch,2
25.39,6.51,1,Male,Yes,Thur,Lunch,3
40.35,4.5,2,Male,No,Sat,Dinner,2
37.13,2.65,3,Female,Yes,Wed,Lunch,4
37.4,3.36,3,Male,Yes,Sun,Lunch,4
21.25,4.47,4,Female,Yes,Mon,Lunch,3
32.32,3.74,4,Male,No,Thur,Lunch,3
31.71,9.94,3,Female,No,Thur,Dinner,1
22.89,9.39,4,Male,Yes,Wed,Lunch,1
30.58,9.18,4,Female,Yes,Mon,Dinner,2
45.13,5.0,4,Male,No,Fri,Lunch,5
14.46,5.86,4,Female,No,Wed,Dinner,1
29.68,7.6,3,Female,Yes,Thur,Lunch,2
44.15,2.03,1,Male,Yes,Tue,Lunch,1
43.21,6.76,2,Female,No,Tue,Dinner,4
29.89,6.93,3,Female,Yes,Mon,Dinner,3
28.34,7.24,4,Male,No,Mon,Dinner,3
43.3,9.1,4,Female,No,Fri,Lunch,4
22.25,1.98,2,Male,Yes,Tue,Lunch,1
33.14,4.36,1,Male,No,Mon,Lunch,3
42.94,5.47,2,Male,No,Mon,Lunch,1
24.3,6.88,1,Female,Yes,Sat,Lunch,1
23.43,9.7,1,Female,No,Sat,Lunch,5
46.98,5.38,2,Male,No,Sat,Lunch,5
35.4,4.25,3,Female,No,Sun,Lunch,1
20.7,9.97,4,Male,No,Wed,Dinner,4
20.99,5.51,4,Female,No,Tue,Lunch,3
17.14,5.04,1,Male,Yes,Sun,Dinner,3
6.05,5.08,2,Male,No,Tue,Dinner,3
36.61,4.19,3,Female,No,Wed,Dinner,3
28.47,8.46,1,Female,Yes,Tue,Dinner,3
34.4,8.11,2,Female,No,Tue,Dinner,2
46.47,9.94,2,Female,Yes,Fri,Dinner,5
9.8,3.77,1,Female,No,Sun,Lunch,3
9.0,4.31,1,Female,Yes,Tue,Lunch,3
26.93,9.23,4,Male,No,Mon,Dinner,5
31.12,9.09,3,Female,Yes,Sun,Dinner,1
6.28,7.81,3,Male,No,Thur,Lunch,1
39.49,9.31,3,Male,No,Tue,Lunch,5
27.67,3.04,2,Female,Yes,Wed,Dinner,4
28.57,2.51,1,Female,No,Mon,Lunch,2
36.84,8.95,4,Female,No,Sat,Dinner,2
16.63,5.5,1,Female,No,Fri,Dinner,5
35.14,5.98,3,Female,Yes,Wed,Lunch,4
21.26,8.45,4,Male,Yes,Tue,Dinner,5
19.15,5.55,4,Male,No,Fri,Dinner,1
46.69,9.37,2,Male,No,Wed,Lunch,5
15.35,2.92,1,Female,No,Sat,Lunch,4
17.47,2.52,3,Female,No,Sun,Lunch,3
46.55,8.41,2,Female,Yes,Sat,Dinner,3
14.9,8.26,2,Female,Yes,Mon,Lunch,3
24.17,1.13,3,Male,Yes,Thur,Lunch,3
7.91,1.43,1,Female,No,Mon,Dinner,5
39.5,5.58,2,Male,Yes,Sat,Dinner,3
13.43,9.95,2,Male,No,Sat,Lunch,1
48.7,6.13,1,Female,Yes,Sat,Lunch,4
39.63,1.42,1,Female,Yes,Wed,Dinner,3
47.44,4.22,1,Female,No,Fri,Dinner,2
34.05,9.04,3,Male,Yes,Sun,Dinner,2
14.71,7.94,4,Female,No,Thur,Lunch,4
6.3,5.04,4,Male,No,Fri,Dinner,2
20.18,6.6,3,Female,No,Thur,Lunch,4
25.4,5.75,2,Male,Yes,Thur,Lunch,1
6.94,9.53,4,Female,Yes,Sun,Lunch,3
28.12,6.22,2,Male,Yes,Wed,Dinner,1
49.36,4.7,4,Male,No,Sat,Dinner,1
21.24,2.47,3,Male,No,Fri,Lunch,3
34.8,5.91,4,Female,Yes,Wed,Lunch,3
31.5,3.9,1,Female,Yes,Tue,Lunch,2
6.27,4.18,1,Female,Yes,Thur,Lunch,4
35.06,2.07,2,Male,No,Thur,Lunch,5
39.65,6.38,2,Female,No,Thur,Dinner,4
36.56,9.87,2,Male,No,Sat,Lunch,4
18.62,7.85,2,Female,No,Sat,Lunch,5
42.04,3.4,3,Female,Yes,Sat,Lunch,3
42.0,4.93,4,Female,No,Fri,Dinner,4
16.82,4.57,1,Male,No,Thur,Lunch,4
43.02,4.88,3,Male,No,Fri,Lunch,4
27.98,3.87,1,Female,No,Wed,Lunch,2
39.91,1.96,1,Female,Yes,Fri,Dinner,4
40.24,3.43,1,Male,Yes,Tue,Dinner,2
40.98,2.19,4,Female,No,Sat,Dinner,4
44.48,2.24,3,Male,No,Mon,Dinner,3
29.34,9.84,4,Female,Yes,Wed,Lunch,3
34.71,2.14,1,Male,No,Thur,Lunch,5
7.46,7.33,2,Female,No,Tue,Dinner,1
18.36,3.54,3,Male,No,Tue,Lunch,3
37.22,4.76,4,Female,Yes,Sun,Lunch,2
14.51,2.57,3,Male,Yes,Mon,Dinner,2
17.91,1.81,2,Female,Yes,Fri,Dinner,2
36.05,1.81,1,Male,Yes,Sun,Dinner,5
47.88,8.8,2,Male,No,Sat,Dinner,3
14.79,7.81,2,Female,No,Fri,Lunch,2
10.26,7.29,2,Male,Yes,Thur,Lunch,3
7.43,9.35,3,Male,Yes,Fri,Lunch,5
28.31,7.98,4,Male,No,Mon,Dinner,1
47.0,4.58,4,Male,No,Wed,Lunch,1
5.59,2.58,4,Male,No,Tue,Lunch,3
20.04,6.89,2,Female,No,Sun,Dinner,5
46.09,7.43,2,Female,No,Sun,Dinner,1
6.11,4.02,4,Female,Yes,Thur,Lunch,2
33.41,9.61,3,Male,No,Wed,Lunch,2
19.37,1.18,1,Female,No,Wed,Lunch,1
14.33,9.4,4,Male,No,Sun,Lunch,4
22.93,6.04,3,Female,No,Sat,Dinner,2
42.02,5.52,3,Male,No,Thur,Dinner,3
32.27,6.18,4,Female,No,Fri,Dinner,3
49.52,5.79,2,Female,No,Tue,Dinner,2
13.4,4.12,2,Male,Yes,Wed,Dinner,5
17.89,9.32,3,Male,Yes,Mon,Dinner,2
45.88,9.47,4,Female,No,Sat,Lunch,3
34.95,9.83,2,Male,Yes,Sat,Lunch,3
37.21,3.86,3,Male,No,Sat,Lunch,1
13.17,4.52,3,Female,No,Tue,Dinner,2
20.54,7.9,4,Male,Yes,Fri,Dinner,5
34.84,3.51,1,Female,No,Mon,Lunch,4
29.86,3.52,3,Male,Yes,Wed,Dinner,5
35.05,8.59,2,Male,No,Fri,Dinner,3
46.72,1.15,2,Female,No,Tue,Dinner,1
26.76,8.12,4,Male,No,Fri,Dinner,4
41.05,7.99,1,Male,Yes,Mon,Dinner,3
33.57,5.0,1,Female,Yes,Thur,Dinner,1
25.87,5.04,3,Female,Yes,Sat,Lunch,4
19.51,2.63,1,Female,No,Sun,Lunch,5
6.23,4.6,3,Male,Yes,Mon,Dinner,3
25.15,1.3,1,Male,Yes,Sun,Lunch,2
18.03,7.0,2,Female,Yes,Thur,Lunch,3
14.45,6.13,1,Male,No,Mon,Dinner,5
12.81,2.96,2,Male,Yes,Tue,Dinner,1
21.08,7.43,4,Male,No,Mon,Lunch,1
42.56,2.84,4,Male,Yes,Sat,Dinner,3
30.22,9.52,3,Male,Yes,Mon,Lunch,5
32.26,4.52,1,Female,Yes,Sat,Lunch,5
42.11,2.35,2,Female,No,Sun,Lunch,3
16.28,9.94,2,Female,Yes,Fri,Lunch,5
27.79,1.8,1,Male,No,Fri,Lunch,4
20.37,9.02,4,Female,Yes,Fri,Dinner,5
11.98,8.12,3,Male,Yes,Fri,Dinner,1
23.78,4.93,1,Female,No,Wed,Lunch,5
27.58,7.84,4,Female,No,Sun,Dinner,5
13.2,4.73,1,Female,Yes,Mon,Lunch,4
24.06,5.03,3,Female,No,Wed,Lunch,1
47.74,7.72,3,Male,No,Fri,Lunch,2
6.87,5.6,2,Male,Yes,Fri,Lunch,1
12.49,6.65,2,Male,Yes,Thur,Lunch,3
33.44,6.78,2,Female,Yes,Wed,Lunch,1
14.54,3.61,1,Female,Yes,Sun,Lunch,3
15.88,6.33,1,Male,Yes,Mon,Dinner,1
47.13,1.04,2,Female,No,Tue,Lunch,5
22.23,7.35,3,Female,Yes,Mon,Lunch,1
7.05,6.24,3,Male,No,Tue,Lunch,1
6.12,8.37,4,Male,No,Wed,Dinner,1
40.18,8.35,2,Female,No,Sat,Dinner,2
34.26,8.72,2,Female,No,Sun,Dinner,2
21.04,7.91,1,Male,No,Mon,Dinner,5
8.84,4.67,4,Female,Yes,Thur,Dinner,1
43.5,8.73,3,Male,No,Sat,Lunch,1
22.4,9.48,3,Female,Yes,Sat,Lunch,3
13.51,5.34,1,Male,Yes,Sun,Lunch,4
9.55,9.58,1,Female,Yes,Fri,Dinner,2
49.5,5.93,3,Female,Yes,Fri,Lunch,5
5.98,2.07,1,Female,Yes,Fri,Lunch,2
38.66,6.31,3,Male,Yes,Sun,Lunch,2
11.69,4.74,4,Male,Yes,Sat,Dinner,3
29.64,2.94,2,Female,Yes,Sat,Dinner,4
8.27,9.74,1,Male,Yes,Mon,Lunch,5
43.38,3.3,3,Female,Yes,Tue,Lunch,4
46.48,1.33,3,Male,No,Tue,Dinner,4
21.35,3.9,2,Female,Yes,Wed,Lunch,5
11.46,4.4,2,Male,No,Tue,Dinner,4
9.22,1.21,3,Male,Yes,Wed,Dinner,2
23.97,5.39,4,Male,Yes,Fri,Dinner,5
46.1,1.84,3,Male,No,Mon,Lunch,5
43.34,4.88,4,Male,Yes,Tue,Dinner,2
24.59,3.63,4,Male,Yes,Sun,Dinner,3
14.25,7.9,1,Female,Yes,Sun,Lunch,3
44.2,8.03,1,Female,No,Fri,Lunch,5
46.54,7.59,1,Female,Yes,Mon,Dinner,3
32.39,4.59,2,Male,Yes,Tue,Lunch,4
46.88,2.05,3,Male,Yes,Sun,Lunch,5
27.66,5.07,4,Female,No,Wed,Dinner,5
31.02,3.21,4,Female,Yes,Sun,Dinner,4
18.01,8.85,1,Male,No,Thur,Dinner,4
21.76,9.08,2,Male,No,Fri,Dinner,4
34.43,9.48,2,Male,Yes,Mon,Dinner,1
19.6,2.35,3,Male,Yes,Sun,Lunch,5
34.37,2.6,4,Female,No,Sat,Dinner,4
22.39,1.11,1,Female,No,Mon,Lunch,4
23.68,4.18,1,Female,No,Mon,Dinner,1
30.84,8.98,3,Male,Yes,Sat,Dinner,3
35.4,9.46,2,Male,Yes,Wed,Dinner,5
27.72,7.84,3,Female,No,Tue,Lunch,4
5.04,3.25,1,Male,Yes,Wed,Dinner,1
9.33,8.53,3,Male,Yes,Fri,Lunch,3
26.43,6.83,1,Male,Yes,Mon,Lunch,2
13.17,9.08,4,Male,No,Tue,Dinner,3
17.97,3.19,4,Male,Yes,Tue,Lunch,2
25.25,8.25,3,Female,No,Sat,Lunch,2
16.99,2.06,2,Male,No,Sun,Dinner,4
15.12,8.67,1,Female,Yes,Mon,Lunch,5
17.65,4.91,1,Male,Yes,Fri,Lunch,1
17.95,8.14,3,Male,Yes,Fri,Lunch,5
41.32,2.96,4,Female,No,Thur,Lunch,3
38.17,2.96,4,Female,Yes,Mon,Lunch,5
41.59,9.47,2,Female,Yes,Sat,Lunch,2
32.02,7.15,4,Female,No,Wed,Lunch,3
39.9,1.85,4,Male,Yes,Thur,Lunch,5
38.86,2.56,4,Female,No,Fri,Dinner,2
15.33,1.17,4,Male,No,Mon,Dinner,5
18.84,8.86,3,Female,Yes,Sat,Lunch,2
14.88,2.37,3,Male,No,Mon,Dinner,2
24.79,6.38,2,Male,Yes,Fri,Dinner,3
27.34,6.95,4,Female,No,Sun,Lunch,4
31.76,1.99,2,Male,No,Sun,Lunch,5
30.88,8.36,3,Male,No,Sun,Lunch,2
24.2,8.73,2,Male,No,Mon,Lunch,1
45.99,5.5,3,Male,No,Sat,Lunch,4
38.9,6.19,2,Male,Yes,Wed,Lunch,5
6.02,9.59,2,Female,Yes,Sat,Dinner,1
8.96,1.19,3,Male,Yes,Sun,Lunch,3
10.52,3.13,4,Male,No,Fri,Lunch,5
16.08,1.48,3,Female,Yes,Fri,Dinner,5
15.23,3.18,4,Male,No,Thur,Lunch,5
36.01,3.98,2,Male,Yes,Mon,Dinner,3
27.78,3.85,4,Female,Yes,Fri,Dinner,2
46.39,2.19,4,Female,No,Fri,Dinner,4
45.69,2.62,2,Male,Yes,Thur,Lunch,5
24.44,8.44,4,Male,Yes,Sun,Dinner,2
43.32,7.88,1,Female,Yes,Wed,Dinner,1
20.35,2.69,1,Female,No,Fri,Dinner,5
42.91,8.27,1,Male,Yes,Wed,Dinner,3
16.98,1.92,3,Female,No,Tue,Lunch,3
41.13,7.22,3,Male,Yes,Sun,Lunch,1
5.08,4.19,4,Female,No,Sat,Dinner,4
39.76,3.2,2,Male,No,Sat,Dinner,3
15.54,2.0,4,Male,Yes,Thur,Dinner,5
43.53,3.29,3,Female,Yes,Thur,Dinner,3
48.85,8.61,2,Male,No,Sun,Lunch,2
49.92,8.57,2,Male,Yes,Thur,Dinner,2
23.72,3.85,4,Female,Yes,Thur,Dinner,2
43.0,8.04,4,Male,No,Mon,Lunch,2
37.1,2.93,1,Male,No,Sun,Dinner,2
43.14,4.83,2,Male,No,Sat,Dinner,1
27.53,9.91,2,Female,Yes,Fri,Lunch,1
41.16,3.12,2,Female,No,Sat,Dinner,3
29.87,3.67,1,Female,Yes,Thur,Lunch,5
43.91,5.37,3,Male,No,Sun,Dinner,1
20.63,6.41,4,Female,No,Thur,Dinner,2
48.5,8.54,1,Male,Yes,Sun,Dinner,3
49.08,1.77,4,Male,Yes,Mon,Dinner,1
38.46,1.23,4,Male,No,Sun,Dinner,2
14.51,6.04,1,Male,No,Wed,Dinner,2
16.31,9.85,4,Female,No,Tue,Lunch,4
34.47,5.52,2,Female,Yes,Sat,Dinner,2
16.51,2.9,1,Female,Yes,Thur,Dinner,2
15.46,3.25,3,Female,Yes,Mon,Lunch,4
18.29,1.78,1,Male,Yes,Fri,Lunch,4
11.1,1.01,1,Male,No,Wed,Dinner,4
46.16,1.2,3,Female,No,Wed,Dinner,5
26.51,9.27,2,Male,No,Sun,Dinner,5
48.45,6.25,2,Female,No,Wed,Lunch,1
7.68,3.58,1,Male,No,Mon,Dinner,3
29.58,1.64,2,Female,No,Thur,Dinner,3
29.1,3.23,1,Male,Yes,Sat,Lunch,2
31.25,3.43,2,Male,No,Sun,Lunch,5
36.38,2.35,2,Female,No,Sun,Dinner,2
36.49,4.64,3,Male,Yes,Wed,Dinner,3
8.12,2.61,2,Female,No,Tue,Dinner,3
5.09,6.25,4,Male,No,Fri,Dinner,3
34.1,1.87,2,Male,No,Sun,Lunch,3
19.6,9.76,4,Female,Yes,Wed,Lunch,5
35.28,5.24,3,Male,Yes,Mon,Dinner,3
20.7,9.07,1,Female,No,Thur,Lunch,1
36.16,9.69,4,Male,Yes,Sat,Dinner,3
23.81,4.35,2,Male,No,Sun,Lunch,3
31.57,6.36,3,Female,No,Mon,Lunch,5
46.66,5.62,1,Female,Yes,Sun,Lunch,2
46.64,3.41,3,Female,No,Fri,Dinner,5
20.62,1.06,1,Female,Yes,Sun,Lunch,3
14.88,7.13,2,Female,No,Mon,Dinner,3
38.51,6.12,2,Male,No,Tue,Dinner,5
49.99,7.0,1,Male,Yes,Tue,Dinner,5
34.37,5.83,3,Female,Yes,Sat,Lunch,5
12.18,3.95,1,Female,No,Wed,Dinner,2
36.35,3.33,1,Female,Yes,Tue,Lunch,2
17.72,9.31,2,Female,Yes,Fri,Dinner,5
20.91,5.59,2,Male,No,Thur,Lunch,3
47.21,9.27,3,Male,Yes,Thur,Lunch,3
13.61,2.32,3,Female,Yes,Tue,Dinner,5
39.94,7.68,3,Male,Yes,Wed,Dinner,4
45.45,1.97,1,Male,Yes,Sun,Lunch,3
17.47,2.2,1,Female,No,Fri,Lunch,3
23.07,3.15,3,Female,No,Sun,Lunch,4
9.36,5.8,4,Male,No,Tue,Lunch,4
13.89,8.75,2,Female,Yes,Fri,Lunch,3
7.86,6.55,1,Female,No,Sun,Dinner,5
18.5,8.07,4,Female,Yes,Tue,Lunch,4
49.03,6.47,2,Male,Yes,Tue,Lunch,4
17.86,8.16,4,Female,Yes,Tue,Dinner,3
36.89,6.6,4,Female,Yes,Sun,Lunch,3
12.89,4.17,4,Male,Yes,Wed,Dinner,4
45.6,5.08,4,Female,Yes,Sat,Dinner,5
14.53,1.54,2,Female,Yes,Thur,Lunch,2
41.21,4.48,4,Female,No,Tue,Lunch,4
10.46,5.57,3,Male,No,Thur,Lunch,5
40.08,5.23,4,Male,Yes,Fri,Dinner,2
19.73,3.52,2,Female,No,Mon,Lunch,4
16.51,3.76,2,Male,No,Tue,Dinner,4
35.94,5.78,2,Female,No,Tue,Dinner,1
14.51,8.0,1,Male,Yes,Wed,Lunch,4
32.37,9.58,3,Male,No,Tue,Dinner,4
41.63,3.25,4,Male,Yes,Sat,Lunch,3
41.07,1.66,4,Female,No,Mon,Dinner,3
37.44,2.85,4,Female,No,Tue,Lunch,1
37.09,3.23,1,Male,Yes,Fri,Lunch,4
37.41,9.33,3,Female,Yes,Sat,Lunch,4
25.16,3.14,1,Female,No,Thur,Lunch,3
37.79,2.72,4,Male,No,Sun,Lunch,4
44.24,8.05,1,Female,Yes,Sun,Dinner,3
29.48,6.87,2,Male,Yes,Tue,Dinner,5
11.97,5.38,1,Female,No,Fri,Dinner,3
34.38,5.05,4,Male,Yes,Mon,Dinner,5
18.15,6.17,1,Female,No,Fri,Lunch,2
36.54,2.88,4,Male,Yes,Wed,Lunch,2
29.36,6.7,1,Male,Yes,Mon,Lunch,3
21.69,4.89,2,Female,Yes,Thur,Lunch,4
14.09,7.03,1,Male,No,Sat,Lunch,4
30.2,5.12,4,Female,No,Tue,Lunch,5
22.55,1.1,3,Female,No,Fri,Dinner,2
40.63,4.82,2,Male,Yes,Tue,Dinner,4
36.48,5.91,2,Male,Yes,Sat,Lunch,4
35.1,9.29,1,Female,No,Thur,Lunch,2
27.46,8.24,2,Female,No,Sat,Dinner,2
37.51,6.27,3,Female,Yes,Sat,Lunch,4
26.66,5.68,1,Male,Yes,Sat,Lunch,2
39.6,1.2,2,Female,Yes,Thur,Lunch,3
43.75,8.12,4,Male,No,Fri,Dinner,2
29.86,7.77,1,Male,No,Wed,Dinner,4
16.46,6.79,1,Male,No,Wed,Lunch,1
36.02,8.7,1,Female,No,Wed,Dinner,5
46.53,9.27,2,Male,Yes,Tue,Dinner,1
18.22,8.37,1,Female,Yes,Fri,Dinner,4
20.29,5.39,2,Male,No,Sun,Lunch,5
38.15,8.23,1,Male,No,Fri,Dinner,3
21.35,9.03,1,Female,Yes,Tue,Lunch,5
30.48,5.79,1,Female,No,Sat,Dinner,5
19.31,4.55,1,Male,Yes,Fri,Lunch,2
29.48,1.86,4,Male,Yes,Sat,Dinner,5
7.52,4.91,2,Male,Yes,Mon,Dinner,1
12.51,8.84,4,Female,No,Wed,Lunch,2
22.15,2.46,2,Male,Yes,Thur,Lunch,5
43.24,4.47,4,Male,Yes,Sat,Lunch,4
15.17,4.18,1,Male,No,Tue,Lunch,4
14.58,3.68,1,Female,No,Tue,Lunch,4
13.85,2.06,4,Female,No,Wed,Dinner,1
40.12,8.52,4,Male,Yes,Tue,Lunch,2
15.09,3.0,1,Male,Yes,Sun,Lunch,3
7.73,7.35,3,Male,No,Tue,Lunch,2
17.25,6.07,3,Female,No,Sat,Lunch,3
11.52,1.16,4,Male,Yes,Sat,Lunch,2
11.8,4.68,2,Female,No,Thur,Dinner,4
44.21,9.16,4,Female,Yes,Sun,Dinner,4
44.86,8.92,2,Female,Yes,Wed,Lunch,4
38.0,8.29,1,Female,No,Sat,Lunch,4
47.23,6.16,3,Male,No,Wed,Dinner,1
22.55,4.63,4,Female,No,Mon,Dinner,5
19.44,7.1,2,Female,No,Mon,Lunch,5
13.2,7.18,3,Male,Yes,Wed,Lunch,1
32.08,9.32,1,Female,No,Tue,Lunch,3
40.35,8.83,4,Female,No,Wed,Lunch,2
39.31,2.4,3,Male,No,Thur,Dinner,4
10.19,6.5,3,Female,No,Sat,Dinner,5
24.89,8.8,2,Female,No,Mon,Dinner,1
40.75,2.88,2,Male,No,Sat,Lunch,1
18.09,4.89,3,Female,No,Fri,Dinner,1
30.58,1.43,1,Male,No,Sat,Dinner,1
45.9,1.52,3,Male,Yes,Mon,Lunch,3
18.03,4.16,1,Female,Yes,Sat,Dinner,4
7.98,5.82,4,Male,No,Fri,Lunch,4
24.85,6.52,2,Female,Yes,Wed,Lunch,4
13.39,4.83,1,Female,No,Fri,Dinner,2
10.9,2.58,4,Female,Yes,Thur,Lunch,1
44.72,6.77,1,Female,No,Tue,Dinner,3
5.61,2.16,4,Female,No,Thur,Lunch,3
42.81,6.44,2,Male,No,Sat,Dinner,5
46.81,5.88,1,Male,No,Thur,Lunch,1
43.94,9.12,1,Male,Yes,Tue,Lunch,4
21.95,2.51,2,Male,No,Wed,Dinner,4
7.24,4.46,3,Female,No,Sat,Dinner,2
47.63,9.04,4,Male,No,Sat,Dinner,1
42.62,4.88,4,Female,Yes,Fri,Lunch,1
42.9,3.82,1,Male,No,Sun,Lunch,2
22.22,6.88,2,Female,Yes,Mon,Lunch,1
41.87,5.98,4,Male,No,Fri,Lunch,4
43.96,8.59,2,Female,No,Fri,Dinner,5
40.16,1.96,4,Female,Yes,Wed,Lunch,2
10.98,2.35,2,Male,Yes,Thur,Dinner,2
37.32,5.32,1,Male,Yes,Sun,Lunch,5
27.29,9.76,3,Female,No,Fri,Lunch,2
15.07,3.96,1,Male,Yes,Fri,Lunch,1
27.87,2.53,3,Female,Yes,Mon,Lunch,3
45.95,5.74,2,Male,No,Fri,Lunch,4
30.41,7.67,1,Male,Yes,Mon,Lunch,2
47.48,5.33,1,Female,No,Wed,Dinner,1
28.34,7.13,1,Female,Yes,Thur,Lunch,4
5.82,9.46,4,Female,Yes,Sun,Lunch,1
42.24,6.45,3,Female,No,Sat,Dinner,3
40.7,8.45,3,Male,Yes,Sun,Dinner,2
41.17,6.24,2,Female,No,Thur,Lunch,3
34.08,9.13,4,Male,Yes,Tue,Lunch,2
11.29,5.41,4,Male,No,Wed,Lunch,4
19.86,9.54,3,Female,Yes,Fri,Lunch,1
33.24,9.85,3,Female,Yes,Sun,Lunch,5
29.05,8.23,4,Male,No,Fri,Dinner,5
18.98,4.93,3,Female,No,Sun,Dinner,2
22.47,7.55,3,Female,No,Tue,Dinner,4
38.61,8.62,1,Female,Yes,Sun,Dinner,3
31.16,1.88,3,Male,Yes,Mon,Lunch,5
30.32,3.37,4,Female,Yes,Mon,Dinner,5
38.72,3.44,2,Female,Yes,Mon,Lunch,3
7.04,9.01,4,Female,No,Sat,Lunch,2
18.74,7.24,2,Male,Yes,Wed,Dinner,3
25.88,4.27,3,Male,No,Thur,Lunch,5
42.33,2.23,4,Male,No,Wed,Dinner,1
42.96,5.68,4,Male,Yes,Wed,Dinner,3
24.37,4.97,4,Male,Yes,Sun,Dinner,5
23.04,5.28,3,Male,No,Tue,Dinner,2
48.68,7.97,2,Male,No,Sat,Lunch,3
23.94,6.18,2,Male,No,Thur,Dinner,4
32.73,8.98,3,Male,Yes,Fri,Dinner,5
44.43,5.32,4,Male,Yes,Sun,Dinner,1
38.04,5.79,3,Male,No,Thur,Dinner,5
26.15,9.48,1,Female,No,Mon,Lunch,5
37.88,3.65,2,Male,No,Wed,Dinner,1
12.54,9.99,2,Male,No,Mon,Dinner,4
30.87,1.42,1,Female,Yes,Sun,Lunch,4
18.01,1.08,4,Female,Yes,Tue,Dinner,5
11.98,1.63,4,Male,Yes,Tue,Dinner,3
44.94,3.3,4,Female,No,Tue,Dinner,5
42.88,7.53,1,Male,No,Sun,Lunch,5
16.01,7.25,2,Female,No,Sat,Dinner,5
13.19,4.31,2,Female,No,Mon,Lunch,3
15.23,1.38,1,Male,No,Mon,Lunch,5
26.45,3.32,2,Male,No,Wed,Lunch,5
42.39,8.27,1,Male,No,Wed,Dinner,2
31.15,5.78,3,Female,No,Mon,Dinner,3
29.7,3.13,4,Male,No,Sun,Dinner,1
26.31,4.17,3,Male,No,Mon,Dinner,4
49.24,6.87,4,Male,Yes,Sun,Lunch,1
47.37,4.3,1,Male,No,Sat,Dinner,4
34.66,9.5,4,Male,No,Fri,Dinner,5
31.18,5.78,3,Female,Yes,Mon,Lunch,2
22.71,1.71,4,Male,No,Sun,Lunch,1
38.18,5.99,2,Male,Yes,Tue,Dinner,4
25.64,8.87,4,Male,No,Sat,Lunch,4
48.49,3.5,2,Male,Yes,Tue,Lunch,2
28.12,4.75,4,Female,No,Sun,Dinner,2
19.2,4.91,1,Male,No,Fri,Dinner,1
8.04,2.84,2,Male,Yes,Sat,Dinner,1
41.68,9.76,1,Male,Yes,Thur,Dinner,3
40.7,4.28,4,Female,Yes,Thur,Lunch,2
29.3,7.3,3,Male,No,Sun,Lunch,5
17.66,9.48,4,Male,Yes,Fri,Dinner,5
11.44,3.81,1,Female,Yes,Fri,Dinner,1
12.78,3.5,1,Female,Yes,Sun,Lunch,4
32.05,9.79,3,Male,No,Thur,Lunch,4
38.71,2.3,2,Female,Yes,Mon,Lunch,5
49.4,2.44,3,Male,No,Thur,Lunch,4
39.3,7.16,2,Male,Yes,Tue,Lunch,1
19.34,6.83,1,Female,Yes,Fri,Lunch,5
48.47,9.68,2,Male,No,Fri,Lunch,4
13.05,8.75,3,Male,Yes,Tue,Dinner,3
30.73,7.55,3,Female,Yes,Sun,Lunch,4
33.23,3.55,2,Male,No,Wed,Dinner,2
10.18,5.04,3,Male,No,Thur,Dinner,1
21.85,7.96,2,Male,Yes,Wed,Lunch,5
22.65,3.63,3,Female,No,Tue,Lunch,5
15.39,7.74,1,Male,Yes,Mon,Lunch,2
33.93,3.03,3,Female,No,Mon,Lunch,2
28.66,6.63,2,Female,No,Sat,Lunch,2
35.97,3.91,2,Male,Yes,Fri,Dinner,4
36.04,5.07,4,Male,No,Tue,Dinner,2
47.07,9.11,1,Female,No,Tue,Dinner,1
11.31,3.21,4,Female,Yes,Fri,Dinner,1
22.74,8.84,1,Male,Yes,Sun,Lunch,2
34.58,8.51,2,Female,No,Wed,Dinner,3
35.34,8.38,4,Female,No,Tue,Dinner,3
13.65,8.22,4,Male,No,Sun,Lunch,5
13.34,4.24,3,Female,No,Sun,Dinner,3
40.72,8.26,1,Male,Yes,Sun,Lunch,4
16.21,1.68,4,Male,Yes,Wed,Lunch,3
14.11,9.92,3,Male,No,Mon,Dinner,5
18.87,1.93,4,Female,No,Fri,Dinner,4
23.18,7.52,4,Female,No,Fri,Dinner,4
8.84,8.17,4,Female,Yes,Wed,Lunch,4
29.77,3.1,1,Male,No,Wed,Lunch,3
16.24,2.24,1,Male,No,Thur,Dinner,3
31.68,5.97,1,Male,No,Tue,Dinner,5
39.97,5.18,2,Female,No,Sun,Lunch,3
13.68,7.16,3,Male,Yes,Fri,Lunch,4
5.5,5.44,1,Male,No,Thur,Dinner,5
9.0,3.33,4,Female,Yes,Mon,Lunch,3
15.48,4.21,4,Female,No,Fri,Dinner,1
11.26,6.38,2,Female,No,Sun,Dinner,4
15.45,8.71,2,Female,No,Sun,Dinner,3
41.2,9.62,3,Male,No,Fri,Dinner,4
34.33,6.82,1,Female,Yes,Thur,Dinner,3
49.51,7.11,2,Male,Yes,Sat,Dinner,1
12.43,5.21,4,Female,Yes,Sun,Lunch,5
46.98,5.34,3,Female,No,Tue,Lunch,5
30.15,9.27,1,Female,No,Sun,Lunch,2
14.91,5.84,1,Female,Yes,Mon,Dinner,5
28.39,8.76,2,Male,Yes,Tue,Dinner,1
11.18,7.81,1,Female,Yes,Thur,Dinner,2
49.35,5.88,2,Male,Yes,Mon,Lunch,3
13.73,1.65,4,Female,No,Mon,Dinner,5
13.28,9.62,3,Female,Yes,Mon,Dinner,2
12.3,5.21,2,Male,No,Sat,Dinner,1
22.81,8.42,4,Female,No,Tue,Dinner,5
44.02,9.5,1,Male,No,Fri,Lunch,2
26.35,2.48,2,Female,Yes,Mon,Lunch,4
36.46,9.62,3,Male,No,Fri,Lunch,4
18.5,3.32,2,Male,No,Sat,Dinner,3
5.87,9.86,2,Female,Yes,Wed,Dinner,3
10.6,8.83,2,Female,No,Thur,Dinner,1
16.83,7.24,4,Female,No,Thur,Lunch,1
42.67,7.6,1,Male,Yes,Sat,Dinner,2
8.84,8.74,3,Male,No,Thur,Dinner,1
12.05,8.83,4,Male,Yes,Tue,Lunch,1
23.17,2.03,1,Male,No,Sat,Dinner,2
21.64,5.89,2,Female,No,Thur,Dinner,5
24.69,5.67,4,Male,Yes,Sat,Dinner,3
26.61,5.85,1,Female,Yes,Sun,Dinner,2
31.61,8.49,1,Male,Yes,Wed,Dinner,5
34.35,9.35,3,Male,Yes,Mon,Lunch,5
14.45,1.39,2,Male,No,Thur,Lunch,1
28.79,8.24,3,Male,No,Fri,Dinner,3
23.41,1.88,2,Male,No,Thur,Dinner,1
20.27,2.73,2,Female,No,Wed,Lunch,1
31.25,7.18,1,Male,No,Wed,Dinner,1
43.17,4.74,2,Male,Yes,Thur,Lunch,1
29.67,6.96,4,Male,Yes,Wed,Lunch,4
19.4,4.13,3,Male,No,Thur,Dinner,3
5.51,7.58,3,Male,Yes,Sat,Lunch,3
44.53,4.66,3,Female,No,Mon,Dinner,2
8.35,2.41,1,Male,No,Sun,Dinner,5
19.43,2.3,1,Female,No,Sat,Lunch,1
22.01,2.98,2,Female,Yes,Mon,Lunch,5
11.64,8.26,3,Male,No,Fri,Dinner,3
42.37,8.33,3,Female,Yes,Sun,Lunch,3
30.12,8.66,4,Female,No,Sat,Lunch,3
18.44,3.42,1,Male,Yes,Thur,Dinner,3
18.23,5.14,4,Female,No,Thur,Dinner,3
41.13,9.33,2,Male,No,Tue,Dinner,3
13.74,8.03,1,Male,No,Mon,Lunch,5
48.91,6.77,3,Female,Yes,Sun,Lunch,1
27.95,7.56,3,Male,No,Mon,Lunch,5
33.68,6.94,1,Male,Yes,Mon,Lunch,3
28.12,6.44,1,Female,No,Wed,Dinner,1
7.71,3.77,3,Female,Yes,Tue,Dinner,1
40.22,8.81,2,Male,No,Fri,Dinner,3
32.46,9.66,2,Male,No,Tue,Dinner,4
41.25,2.47,2,Female,Yes,Wed,Dinner,2
43.17,2.91,1,Male,No,Sat,Dinner,1
8.16,1.32,1,Female,No,Tue,Dinner,2
19.27,1.42,4,Female,No,Tue,Dinner,3
32.22,9.38,3,Female,Yes,Tue,Dinner,5
43.81,3.42,4,Male,No,Wed,Lunch,3
21.74,4.85,3,Female,Yes,Mon,Dinner,1
30.73,6.0,3,Female,No,Thur,Dinner,3
45.52,7.36,3,Female,Yes,Mon,Lunch,1
41.86,8.53,3,Female,Yes,Tue,Dinner,3
16.13,2.77,4,Male,Yes,Sat,Dinner,5
12.33,7.57,1,Female,Yes,Sat,Dinner,4
44.15,1.36,3,Male,Yes,Wed,Lunch,2
7.86,9.36,2,Female,Yes,Sat,Lunch,4
24.96,2.47,1,Female,No,Wed,Lunch,2
25.29,7.94,2,Male,Yes,Thur,Dinner,2
37.65,7.6,1,Female,Yes,Fri,Lunch,1
14.27,6.78,4,Female,No,Mon,Dinner,2
23.09,8.95,2,Female,Yes,Sat,Lunch,2
25.26,4.78,3,Female,No,Wed,Lunch,5
12.96,6.03,3,Male,No,Wed,Lunch,1
28.76,1.03,3,Male,No,Wed,Dinner,3
27.09,6.1,3,Male,Yes,Wed,Lunch,3
28.4,8.57,3,Female,Yes,Mon,Lunch,1
44.79,2.9,3,Female,No,Wed,Lunch,4
21.48,3.69,1,Female,No,Fri,Lunch,4
27.74,5.48,2,Male,No,Mon,Dinner,5
14.27,1.27,2,Male,No,Sun,Lunch,4
15.22,9.41,3,Female,Yes,Wed,Lunch,3
8.0,4.8,1,Male,Yes,Tue,Lunch,5
16.54,7.79,3,Female,No,Wed,Lunch,3
19.86,8.33,2,Male,Yes,Mon,Lunch,3
10.34,2.23,2,Female,Yes,Fri,Lunch,4
24.94,4.17,3,Female,No,Mon,Dinner,3
5.62,9.55,1,Male,Yes,Thur,Dinner,2
38.43,5.78,1,Female,No,Mon,Dinner,4
43.39,5.78,1,Male,Yes,Wed,Lunch,2
23.56,6.88,4,Male,No,Sat,Dinner,3
38.41,4.12,3,Female,Yes,Sun,Lunch,2
47.46,1.58,2,Male,Yes,Fri,Lunch,4
6.11,3.93,1,Male,No,Thur,Lunch,4
24.59,6.19,4,Female,Yes,Sat,Lunch,2
24.59,2.92,2,Male,Yes,Mon,Dinner,1
45.44,1.98,4,Male,Yes,Wed,Dinner,4
20.53,7.88,1,Female,Yes,Thur,Lunch,5
37.41,8.72,1,Female,Yes,Tue,Dinner,1
17.44,2.62,3,Male,Yes,Sun,Dinner,1
44.16,2.17,1,Male,No,Sun,Lunch,3
23.94,3.72,1,Female,Yes,Tue,Lunch,1
42.48,7.17,2,Female,No,Mon,Lunch,2
15.23,9.9,2,Male,Yes,Wed,Lunch,5
30.21,2.1,1,Male,No,Thur,Dinner,2
22.75,7.7,3,Female,Yes,Mon,Lunch,2
26.01,2.8,1,Female,No,Thur,Lunch,3
8.03,9.88,2,Male,No,Sun,Dinner,5
13.64,5.81,3,Female,Yes,Sun,Dinner,3
48.83,5.62,4,Male,Yes,Thur,Dinner,4
13.62,8.1,2,Female,No,Fri,Lunch,2
36.78,1.57,1,Male,Yes,Sun,Dinner,1
8.31,4.3,4,Female,No,Thur,Dinner,4
15.73,2.34,1,Female,No,Mon,Dinner,3
13.32,5.38,2,Female,Yes,Sun,Dinner,2
21.41,4.92,1,Female,Yes,Sun,Lunch,5
43.93,2.12,3,Female,No,Fri,Dinner,1
10.93,3.92,2,Female,Yes,Tue,Dinner,4
16.43,4.52,2,Female,Yes,Wed,Dinner,4
35.92,5.49,1,Female,Yes,Sun,Dinner,4
40.4,9.87,2,Female,Yes,Fri,Lunch,4
47.45,4.1,2,Female,Yes,Sun,Dinner,1
22.62,8.12,4,Female,Yes,Tue,Dinner,1
40.07,3.8,2,Female,No,Wed,Lunch,3
46.68,6.33,2,Female,No,Sun,Lunch,5
26.78,6.23,1,Female,No,Mon,Lunch,1
19.05,1.66,1,Female,Yes,Tue,Lunch,3
17.45,5.3,1,Female,Yes,Sat,Lunch,1
39.08,6.1,3,Male,No,Sat,Dinner,1
44.62,3.24,3,Male,Yes,Wed,Dinner,2
16.76,8.88,4,Female,No,Tue,Dinner,1
26.6,3.1,4,Male,No,Fri,Lunch,1
45.06,8.56,3,Female,Yes,Mon,Dinner,5
15.72,9.54,3,Female,Yes,Mon,Dinner,1
18.15,8.23,4,Female,Yes,Mon,Dinner,1
48.07,9.18,1,Male,Yes,Fri,Dinner,4
20.04,1.34,1,Female,Yes,Fri,Dinner,3
19.88,2.59,1,Female,Yes,Fri,Dinner,2
18.11,2.47,4,Male,Yes,Thur,Lunch,2
47.62,2.82,2,Female,No,Tue,Dinner,3
47.31,5.3,2,Female,No,Wed,Dinner,3
49.04,7.33,4,Female,Yes,Fri,Lunch,1
25.92,7.97,2,Female,Yes,Sun,Lunch,4
7.47,2.63,2,Male,Yes,Fri,Dinner,2
15.77,6.98,4,Female,Yes,Thur,Lunch,5
42.61,1.48,2,Male,Yes,Sun,Lunch,5
10.42,5.19,4,Male,No,Tue,Dinner,3
19.8,1.53,3,Male,No,Mon,Lunch,3
35.01,2.13,4,Male,Yes,Sun,Dinner,5
12.51,7.45,2,Male,No,Thur,Lunch,4
31.64,4.64,2,Female,No,Fri,Lunch,4
26.44,9.73,1,Male,No,Thur,Lunch,2
49.51,2.05,1,Male,No,Tue,Dinner,2
49.25,8.31,3,Female,Yes,Tue,Dinner,4
41.84,7.56,4,Female,Yes,Mon,Lunch,3
45.19,6.72,2,Male,Yes,Mon,Dinner,5
5.95,2.33,2,Male,No,Wed,Dinner,5
41.55,6.55,3,Female,Yes,Fri,Lunch,5
5.59,7.21,2,Female,Yes,Sat,Dinner,2
36.73,3.32,3,Female,No,Sat,Dinner,4
12.33,9.79,4,Male,Yes,Fri,Lunch,4
41.59,9.91,4,Male,No,Sat,Lunch,5
36.44,7.57,3,Female,Yes,Thur,Lunch,3
31.97,1.32,3,Female,No,Mon,Dinner,4
9.68,4.93,1,Male,No,Tue,Dinner,4
41.03,4.85,1,Male,Yes,Thur,Lunch,1
46.6,6.55,2,Female,Yes,Fri,Lunch,3
20.62,8.37,2,Female,Yes,Tue,Lunch,1
16.2,8.91,1,Male,Yes,Thur,Lunch,1
27.48,6.79,2,Male,No,Sun,Dinner,5
35.23,9.91,3,Female,No,Wed,Lunch,3
13.56,7.05,4,Male,Yes,Sun,Lunch,4
46.71,8.41,2,Male,No,Fri,Dinner,4
43.03,7.9,3,Male,Yes,Tue,Dinner,4
32.52,1.34,2,Female,No,Fri,Dinner,4
19.6,1.5,3,Female,Yes,Tue,Dinner,3
26.6,1.3,1,Male,Yes,Sun,Dinner,3
22.68,5.66,3,Male,Yes,Sat,Dinner,1
18.37,4.59,2,Female,No,Wed,Dinner,4
12.81,2.46,3,Male,No,Wed,Dinner,4
12.95,7.5,4,Male,Yes,Wed,Lunch,1
30.83,8.83,2,Female,Yes,Tue,Dinner,4
29.92,9.26,1,Male,No,Fri,Dinner,3
38.5,2.24,2,Female,No,Tue,Lunch,3
46.5,9.67,3,Female,Yes,Wed,Lunch,2
10.13,6.89,1,Male,No,Sun,Dinner,4
16.59,8.33,1,Male,No,Sun,Lunch,4
31.49,4.83,4,Male,Yes,Wed,Dinner,4
15.57,5.05,4,Female,No,Tue,Dinner,4
36.15,7.96,3,Male,Yes,Wed,Lunch,2
32.24,1.77,1,Male,No,Sat,Dinner,5
35.23,9.85,4,Male,No,Tue,Lunch,5
31.1,8.36,4,Male,No,Thur,Lunch,4
26.21,3.0,4,Female,Yes,Mon,Lunch,4
22.83,7.5,1,Male,No,Sat,Lunch,1
41.47,5.92,4,Female,No,Mon,Lunch,4
22.57,5.28,3,Female,Yes,Fri,Dinner,2
6.58,7.37,3,Male,Yes,Mon,Lunch,4
10.43,7.38,1,Male,No,Thur,Lunch,2
5.49,4.27,3,Male,No,Fri,Dinner,3
47.97,4.64,2,Male,Yes,Wed,Dinner,3
47.6,2.54,2,Male,No,Wed,Lunch,1
23.96,2.61,3,Male,No,Tue,Dinner,2
7.65,1.39,4,Female,Yes,Wed,Lunch,5
15.91,6.16,4,Male,No,Tue,Lunch,5
37.19,4.17,4,Female,No,Wed,Dinner,1
35.12,1.33,4,Male,No,Fri,Lunch,5
15.05,2.95,2,Male,Yes,Sun,Dinner,5
13.69,7.87,1,Male,No,Sat,Lunch,3
33.6,3.67,1,Male,Yes,Mon,Dinner,5
5.24,4.89,2,Female,No,Sun,Lunch,2
13.3,8.28,1,Female,No,Mon,Lunch,2
45.16,2.0,2,Male,Yes,Mon,Lunch,4
34.71,8.24,1,Female,No,Fri,Lunch,1
7.92,4.02,1,Male,Yes,Mon,Lunch,2
26.52,7.84,2,Female,Yes,Thur,Lunch,3
34.49,5.97,1,Female,No,Mon,Dinner,2
30.98,7.9,1,Female,Yes,Mon,Lunch,2
26.4,5.17,2,Male,No,Sun,Lunch,2
42.85,2.34,2,Male,No,Sun,Dinner,5
28.27,2.81,4,Male,No,Sun,Dinner,1
25.78,6.72,1,Female,Yes,Tue,Lunch,5
17.98,3.91,2,Male,No,Sat,Dinner,1
7.1,5.5,4,Male,No,Tue,Lunch,4
14.79,7.74,2,Female,Yes,Tue,Dinner,5
17.44,4.74,1,Male,No,Tue,Dinner,3
5.83,4.42,3,Male,No,Thur,Dinner,2
45.27,1.25,2,Male,No,Sun,Lunch,3
43.6,1.06,1,Male,No,Thur,Lunch,4
13.7,5.17,1,Male,Yes,Thur,Lunch,2
7.43,1.07,4,Male,No,Thur,Dinner,5
23.87,8.44,3,Female,Yes,Tue,Dinner,3
41.33,4.1,3,Female,No,Sat,Dinner,2
27.72,5.19,4,Female,Yes,Thur,Lunch,5
33.11,5.98,3,Male,No,Fri,Lunch,1
37.13,3.89,1,Male,Yes,Thur,Dinner,3
18.96,3.03,2,Male,Yes,Mon,Dinner,3
5.98,6.35,3,Male,No,Wed,Lunch,3
20.47,5.5,2,Female,Yes,Fri,Lunch,4
36.61,8.7,3,Female,Yes,Sat,Dinner,1
38.14,2.18,2,Male,No,Sat,Lunch,3
35.6,6.54,3,Male,No,Sun,Dinner,3
10.74,6.08,4,Female,No,Wed,Dinner,1
16.57,7.42,4,Male,No,Sat,Dinner,4
25.74,1.51,2,Male,Yes,Tue,Lunch,1
40.48,5.8,3,Female,Yes,Fri,Lunch,4
12.42,6.27,4,Male,Yes,Sun,Dinner,1
46.72,9.37,4,Male,Yes,Mon,Dinner,4
5.52,9.25,2,Male,Yes,Fri,Lunch,4
32.59,9.56,1,Male,No,Fri,Dinner,3
27.84,6.42,2,Female,Yes,Wed,Dinner,4
23.52,2.94,2,Male,Yes,Sat,Dinner,2
16.26,4.16,2,Male,No,Mon,Lunch,4
37.32,3.0,1,Female,No,Thur,Lunch,1
29.42,1.31,3,Female,Yes,Sun,Lunch,4
8.69,1.14,1,Male,Yes,Fri,Lunch,5
47.07,8.55,2,Female,No,Sun,Dinner,1
29.83,2.34,4,Female,Yes,Tue,Dinner,4
16.56,7.87,4,Female,Yes,Sat,Dinner,1
39.59,9.19,3,Male,Yes,Sat,Dinner,3
18.05,4.72,2,Female,No,Sat,Dinner,2
37.87,4.68,1,Male,Yes,Sun,Lunch,5
33.37,4.03,2,Female,Yes,Sun,Lunch,4
37.96,5.19,2,Male,Yes,Tue,Dinner,3
35.29,5.96,3,Female,Yes,Sat,Dinner,4
37.37,2.08,4,Female,No,Fri,Dinner,5
24.44,8.65,3,Male,No,Sat,Dinner,1
17.53,3.96,1,Female,Yes,Mon,Dinner,3
47.99,7.25,3,Male,Yes,Thur,Dinner,3
31.22,4.86,3,Male,No,Tue,Dinner,4
25.3,1.84,4,Female,No,Wed,Lunch,2
22.29,7.81,4,Female,Yes,Mon,Dinner,1
5.51,4.69,1,Male,Yes,Tue,Dinner,1
28.67,2.46,3,Male,No,Sun,Lunch,2
38.64,4.25,4,Male,No,Mon,Lunch,4
45.85,8.81,2,Male,Yes,Sun,Lunch,5
19.01,4.55,2,Female,No,Mon,Lunch,1
48.28,6.95,4,Male,No,Wed,Lunch,3
18.59,1.28,2,Male,Yes,Fri,Dinner,5
18.29,4.15,4,Female,Yes,Sun,Lunch,3
11.21,4.06,2,Male,Yes,Thur,Lunch,2
44.65,5.64,4,Female,No,Tue,Lunch,4
49.66,7.99,2,Male,Yes,Mon,Dinner,3
35.83,9.09,3,Male,No,Wed,Lunch,4
9.35,4.43,1,Male,Yes,Mon,Lunch,2
39.24,6.66,2,Male,No,Fri,Lunch,2
22.07,6.97,2,Male,No,Fri,Lunch,3
39.73,4.9,3,Female,Yes,Thur,Dinner,2
25.41,4.37,4,Male,No,Sat,Dinner,1
14.47,2.63,4,Male,No,Tue,Dinner,3
22.36,5.56,4,Male,Yes,Sun,Dinner,2
16.91,9.79,2,Female,No,Tue,Dinner,4
37.12,1.01,1,Female,Yes,Tue,Dinner,2
11.37,1.57,4,Female,No,Thur,Lunch,1
28.42,3.54,1,Female,Yes,Wed,Dinner,1
44.62,5.91,1,Female,Yes,Tue,Dinner,5
26.86,2.91,1,Female,No,Fri,Lunch,3
16.93,3.51,3,Male,No,Wed,Dinner,5
44.9,3.65,4,Male,Yes,Wed,Lunch,2
9.76,9.36,4,Male,No,Wed,Dinner,3
40.43,9.7,2,Male,Yes,Fri,Dinner,4
18.57,5.98,3,Female,No,Sat,Lunch,3
35.96,9.53,4,Female,No,Tue,Lunch,3
22.23,2.38,1,Male,No,Thur,Dinner,5
15.9,8.08,1,Female,No,Tue,Lunch,5
36.45,2.23,1,Female,No,Mon,Lunch,3
33.3,3.12,3,Female,No,Tue,Dinner,4
5.08,8.38,3,Male,Yes,Fri,Lunch,4
41.89,5.77,2,Male,Yes,Sat,Lunch,4
38.77,6.22,1,Male,Yes,Tue,Lunch,1
21.77,8.08,1,Female,Yes,Sun,Dinner,4
39.44,5.7,4,Male,No,Tue,Lunch,2
16.48,5.91,1,Male,No,Sat,Lunch,1
29.72,7.08,1,Male,Yes,Thur,Dinner,1
25.21,8.67,4,Female,Yes,Sun,Dinner,5
9.29,1.19,4,Male,Yes,Fri,Lunch,5
33.36,4.93,3,Female,No,Wed,Lunch,4
11.95,5.38,1,Female,Yes,Sat,Dinner,1
41.02,9.66,2,Male,No,Thur,Dinner,3
38.24,7.32,3,Female,Yes,Thur,Dinner,3
31.32,2.78,3,Male,Yes,Sat,Lunch,4
28.45,8.88,4,Male,Yes,Wed,Dinner,2
30.52,8.14,2,Female,No,Sun,Dinner,5
37.85,3.33,3,Female,No,Wed,Dinner,4
37.63,4.01,4,Male,Yes,Tue,Lunch,3
9.7,4.17,2,Male,Yes,Fri,Lunch,3
